{"idChaise":414680,"position":{"x":10.702683448791504,"y":0.012000001966953278,"z":-9.489688873291016}}